{"product":"LTC-BTC","bestAskPrice":0.0173,"bestAskSize":10.079208,"bestBidPrice":0.01703111,"bestBidSize":1.073033}