{"product":"LTC-BTC","bestAskPrice":0.016773,"bestAskSize":0.015464,"bestBidPrice":0.0166902,"bestBidSize":0.884587}