{"bestAskPrice":19537.4,"bestAskSize":4.82817618,"bestBidPrice":19537.39,"bestBidSize":13.0912746}