{"product":"BTC-EUR","bestAskPrice":16480.01,"bestAskSize":0.52092227,"bestBidPrice":16480,"bestBidSize":3.86524234}