{"product":"BTC-USD","bestAskPrice":19403.87,"bestAskSize":9.02759745,"bestBidPrice":19403.86,"bestBidSize":5.25232839}