{"midprice":0.039685,"bestAsk":0.03969}