{"bestAskPrice":0.03687,"bestAskSize":3.641223,"bestBidPrice":0.03686,"bestBidSize":0.198573}