{"midprice":0.038075,"bestAsk":0.03808}