{"bestAskPrice":605,"bestAskSize":53.0158127,"bestBidPrice":604.99,"bestBidSize":1.93094264}