{"product":"ETH-BTC","bestAskPrice":0.03688,"bestAskSize":3.70309597,"bestBidPrice":0.03687,"bestBidSize":625.02284463}