{"midprice":0.039805,"bestAsk":0.03981}