{"bestAskPrice":719.7,"bestAskSize":112.95995817,"bestBidPrice":719.69,"bestBidSize":46.90875743}