{"product":"ETH-USD","bestAskPrice":718.49,"bestAskSize":16.6781705,"bestBidPrice":718.48,"bestBidSize":143.3829439}