{"bestAskPrice":317.47,"bestAskSize":198.10147687,"bestBidPrice":317.46,"bestBidSize":65.34177497}