{"midprice":0.017105,"bestAsk":0.01711}