{"midprice":0.015535,"bestAsk":0.01554}