{"bestAskPrice":0.01615,"bestAskSize":383.1184791,"bestBidPrice":0.01614,"bestBidSize":250.39620816}