{"product":"LTC-BTC","bestAskPrice":0.0165,"bestAskSize":134.8390072,"bestBidPrice":0.01649,"bestBidSize":143.28498701}