{"midprice":0.015435,"bestAsk":0.01544}