{"product":"LTC-USD","bestAskPrice":319.94,"bestAskSize":235.00150855,"bestBidPrice":319.93,"bestBidSize":275.39479972}