{"midprice":0.017135,"bestAsk":0.01714}