{"product":"BTC-EUR","bestAskPrice":16582.36,"bestAskSize":0.29642565,"bestBidPrice":16575.98,"bestBidSize":0.29963375}