{"product":"BTC-USD","bestAskPrice":17769.88,"bestAskSize":9.52638357,"bestBidPrice":17769.87,"bestBidSize":14.180879}