{"product":"BTC-USD","bestAskPrice":16722.79,"bestAskSize":8.07932121,"bestBidPrice":16722.78,"bestBidSize":85.97724932}