{"product":"BTC-EUR","bestAskPrice":15730.63,"bestAskSize":0.126847,"bestBidPrice":15720.1,"bestBidSize":0.20013409}