{"product":"BTC-USD","bestAskPrice":17147.01,"bestAskSize":6.74417164,"bestBidPrice":17147,"bestBidSize":0.16634782}