{"product":"BTC-EUR","bestAskPrice":16201.01,"bestAskSize":1.39197542,"bestBidPrice":16201,"bestBidSize":2.82902756}