{"product":"BTC-EUR","bestAskPrice":14736,"bestAskSize":0.5054436,"bestBidPrice":14735.99,"bestBidSize":2.36355189}