{"product":"BTC-EUR","bestAskPrice":16171.71,"bestAskSize":0.00218419,"bestBidPrice":16171.7,"bestBidSize":1.01498823}