{"product":"BTC-USD","bestAskPrice":18836.01,"bestAskSize":6.30953861,"bestBidPrice":18836,"bestBidSize":11.85514547}