{"product":"BTC-EUR","bestAskPrice":16135.53,"bestAskSize":1.89018537,"bestBidPrice":16135.52,"bestBidSize":0.7871014}