{"product":"BTC-USD","bestAskPrice":19370.05,"bestAskSize":0.60863241,"bestBidPrice":19370.04,"bestBidSize":5.40290839}