{"product":"BTC-EUR","bestAskPrice":16179.8,"bestAskSize":0.10237451,"bestBidPrice":16177,"bestBidSize":0.04275928}