{"product":"BTC-GBP","bestAskPrice":14800,"bestAskSize":0.00285387,"bestBidPrice":14792.53,"bestBidSize":0.02728132}