{"product":"BTC-USD","bestAskPrice":18899,"bestAskSize":4.57212294,"bestBidPrice":18898.99,"bestBidSize":35.08016993}