{"product":"BTC-EUR","bestAskPrice":15295.65,"bestAskSize":0.4686487,"bestBidPrice":15281.92,"bestBidSize":0.08018461}