{"product":"BTC-USD","bestAskPrice":19499.01,"bestAskSize":0.93187861,"bestBidPrice":19499,"bestBidSize":12.09522875}