{"product":"BTC-EUR","bestAskPrice":14315.88,"bestAskSize":0.12125481,"bestBidPrice":14315.87,"bestBidSize":0.70514774}