{"product":"BTC-EUR","bestAskPrice":16398.6,"bestAskSize":0.17528301,"bestBidPrice":16398.59,"bestBidSize":0.66464758}