{"product":"BTC-USD","bestAskPrice":16890.01,"bestAskSize":15.99679089,"bestBidPrice":16890,"bestBidSize":0.26663286}