{"product":"BTC-EUR","bestAskPrice":16231.3,"bestAskSize":0.7178537,"bestBidPrice":16231.29,"bestBidSize":0.38999993}