{"product":"BTC-USD","bestAskPrice":18824.6,"bestAskSize":26.77544125,"bestBidPrice":18824.59,"bestBidSize":5.11131114}