{"product":"BTC-USD","bestAskPrice":19299.95,"bestAskSize":0.23455223,"bestBidPrice":19299.94,"bestBidSize":7.27941683}