{"product":"BTC-USD","bestAskPrice":18955.6,"bestAskSize":0.04028357,"bestBidPrice":18955.59,"bestBidSize":11.45834525}