{"product":"BTC-EUR","bestAskPrice":16101.54,"bestAskSize":1.36094907,"bestBidPrice":16101.53,"bestBidSize":0.05703983}