{"product":"BTC-USD","bestAskPrice":19521.49,"bestAskSize":1.65809691,"bestBidPrice":19521.48,"bestBidSize":6.14454059}