{"product":"BTC-USD","bestAskPrice":18350,"bestAskSize":15.5813209,"bestBidPrice":18349.99,"bestBidSize":7.46385793}