{"product":"BTC-USD","bestAskPrice":16840.81,"bestAskSize":0.54952226,"bestBidPrice":16840.8,"bestBidSize":4.22636887}