{"product":"ETH-EUR","bestAskPrice":717.95,"bestAskSize":45.92770127,"bestBidPrice":717.94,"bestBidSize":12.59875558}