{"product":"ETH-BTC","bestAskPrice":0.03777,"bestAskSize":23.21609749,"bestBidPrice":0.03776,"bestBidSize":48.52154549}