{"product":"ETH-USD","bestAskPrice":850.82,"bestAskSize":342.29186543,"bestBidPrice":850.81,"bestBidSize":83.73764169}