{"product":"ETH-BTC","bestAskPrice":0.03771,"bestAskSize":153.48414425,"bestBidPrice":0.0377,"bestBidSize":13.89154532}