{"product":"ETH-USD","bestAskPrice":836.51,"bestAskSize":44.85396575,"bestBidPrice":836.5,"bestBidSize":40.58265662}