{"product":"ETH-USD","bestAskPrice":835.76,"bestAskSize":21.94891905,"bestBidPrice":835.75,"bestBidSize":172.51264963}