{"product":"ETH-USD","bestAskPrice":776.25,"bestAskSize":43.91408547,"bestBidPrice":776.24,"bestBidSize":26.63829495}