{"product":"ETH-BTC","bestAskPrice":0.03751,"bestAskSize":40.78160401,"bestBidPrice":0.0375,"bestBidSize":97.05901617}