{"product":"ETH-USD","bestAskPrice":814.99,"bestAskSize":13.79648332,"bestBidPrice":814.98,"bestBidSize":310.60915979}