{"product":"ETH-BTC","bestAskPrice":0.03707,"bestAskSize":91.51133513,"bestBidPrice":0.03706,"bestBidSize":27.14406625}