{"product":"ETH-USD","bestAskPrice":820.2,"bestAskSize":20.92599695,"bestBidPrice":820.19,"bestBidSize":91.64320311}