{"product":"ETH-BTC","bestAskPrice":0.09821,"bestAskSize":7.3057083,"bestBidPrice":0.0982,"bestBidSize":20.02387073}