{"product":"ETH-BTC","bestAskPrice":0.0473,"bestAskSize":24.57480687,"bestBidPrice":0.04729,"bestBidSize":44.96077955}