{"product":"ETH-BTC","bestAskPrice":0.04336,"bestAskSize":57.002009,"bestBidPrice":0.04335,"bestBidSize":8.54707781}