{"product":"ETH-BTC","bestAskPrice":0.04307,"bestAskSize":15.27641611,"bestBidPrice":0.04306,"bestBidSize":129.78535198}