{"product":"ETH-BTC","bestAskPrice":0.04129,"bestAskSize":0.667096,"bestBidPrice":0.04128,"bestBidSize":726.27800034}