{"product":"ETH-EUR","bestAskPrice":726.29,"bestAskSize":19.15327738,"bestBidPrice":726.28,"bestBidSize":38.56237013}