{"product":"ETH-BTC","bestAskPrice":0.03721,"bestAskSize":3.283103,"bestBidPrice":0.0372,"bestBidSize":144.61862476}