{"product":"ETH-BTC","bestAskPrice":0.0463,"bestAskSize":48.53560175,"bestBidPrice":0.04629,"bestBidSize":274.99649183}