{"product":"ETH-EUR","bestAskPrice":689.52,"bestAskSize":11.27588466,"bestBidPrice":689.51,"bestBidSize":36.75404971}