{"product":"ETH-USD","bestAskPrice":725.35,"bestAskSize":119.56770557,"bestBidPrice":725.34,"bestBidSize":28.81614139}