{"product":"ETH-BTC","bestAskPrice":0.07218,"bestAskSize":20.81478255,"bestBidPrice":0.07217,"bestBidSize":24.22573994}