{"product":"ETH-USD","bestAskPrice":793.02,"bestAskSize":20.39279276,"bestBidPrice":793.01,"bestBidSize":9.32904167}