{"product":"ETH-USD","bestAskPrice":811,"bestAskSize":26.74543112,"bestBidPrice":810.99,"bestBidSize":246.79541663}