{"product":"ETH-BTC","bestAskPrice":0.04681,"bestAskSize":72.18371821,"bestBidPrice":0.0468,"bestBidSize":9.64269025}