{"product":"ETH-EUR","bestAskPrice":694.99,"bestAskSize":12.47055277,"bestBidPrice":694.98,"bestBidSize":1.45239541}