{"product":"ETH-USD","bestAskPrice":715.67,"bestAskSize":61.94578524,"bestBidPrice":715.66,"bestBidSize":12.88803702}