{"product":"ETH-BTC","bestAskPrice":0.04309,"bestAskSize":10.16404295,"bestBidPrice":0.04308,"bestBidSize":330.10450893}