{"product":"LTC-USD","bestAskPrice":326.41,"bestAskSize":392.20071034,"bestBidPrice":326.4,"bestBidSize":289.96489552}