{"product":"LTC-BTC","bestAskPrice":0.01963,"bestAskSize":348.46083658,"bestBidPrice":0.01962,"bestBidSize":55.73079378}