{"product":"LTC-BTC","bestAskPrice":0.01852,"bestAskSize":22.95376641,"bestBidPrice":0.01851,"bestBidSize":518.80704623}