{"product":"LTC-USD","bestAskPrice":283.71,"bestAskSize":320.82423486,"bestBidPrice":283.7,"bestBidSize":0.44723276}