{"product":"LTC-BTC","bestAskPrice":0.01951,"bestAskSize":64.31538792,"bestBidPrice":0.0195,"bestBidSize":284.71412687}