{"product":"LTC-BTC","bestAskPrice":0.0157,"bestAskSize":979.52958463,"bestBidPrice":0.01569,"bestBidSize":472.75630229}