{"product":"LTC-BTC","bestAskPrice":0.01957,"bestAskSize":22.73333283,"bestBidPrice":0.01956,"bestBidSize":1613.35506984}