{"product":"LTC-BTC","bestAskPrice":0.01957,"bestAskSize":38.33885469,"bestBidPrice":0.01956,"bestBidSize":287.18648093}