{"product":"LTC-BTC","bestAskPrice":0.01945,"bestAskSize":174.16347174,"bestBidPrice":0.01944,"bestBidSize":10.5439866}