{"product":"LTC-USD","bestAskPrice":359.99,"bestAskSize":38.64725001,"bestBidPrice":359.98,"bestBidSize":411.96742891}