{"product":"LTC-USD","bestAskPrice":320.25,"bestAskSize":113.12184537,"bestBidPrice":320.24,"bestBidSize":338.07155256}