{"product":"LTC-USD","bestAskPrice":355.72,"bestAskSize":565.91599721,"bestBidPrice":355.71,"bestBidSize":135.92609203}