{"product":"LTC-BTC","bestAskPrice":0.01997,"bestAskSize":136.58426238,"bestBidPrice":0.01996,"bestBidSize":62.80547999}