{"product":"LTC-EUR","bestAskPrice":277.86,"bestAskSize":38.56193729,"bestBidPrice":277.85,"bestBidSize":64.13962566}