{"product":"LTC-BTC","bestAskPrice":0.01702,"bestAskSize":44.79296785,"bestBidPrice":0.01701,"bestBidSize":76.32766}