{"product":"LTC-BTC","bestAskPrice":0.01666,"bestAskSize":64.85911122,"bestBidPrice":0.01665,"bestBidSize":36.10825956}