{"product":"LTC-BTC","bestAskPrice":0.01699,"bestAskSize":287.89639666,"bestBidPrice":0.01698,"bestBidSize":1.98845587}