{"product":"LTC-EUR","bestAskPrice":307.94,"bestAskSize":29.69532175,"bestBidPrice":307.93,"bestBidSize":6.26398835}