{"product":"LTC-USD","bestAskPrice":333.46,"bestAskSize":68.86013563,"bestBidPrice":333.36,"bestBidSize":192.79974096}