{"product":"LTC-BTC","bestAskPrice":0.0197,"bestAskSize":17.19524957,"bestBidPrice":0.01969,"bestBidSize":493.71642362}