{"product":"LTC-BTC","bestAskPrice":0.01785,"bestAskSize":175.4762191,"bestBidPrice":0.01784,"bestBidSize":27.11217993}