{"product":"LTC-BTC","bestAskPrice":0.01658,"bestAskSize":27.69418447,"bestBidPrice":0.01657,"bestBidSize":430.8976588}