{"product":"LTC-BTC","bestAskPrice":0.01664,"bestAskSize":30.1955416,"bestBidPrice":0.01663,"bestBidSize":120.46373398}