{"product":"LTC-EUR","bestAskPrice":316.96,"bestAskSize":12.73867319,"bestBidPrice":316.95,"bestBidSize":36.6942422}