{"product":"LTC-BTC","bestAskPrice":0.01707,"bestAskSize":442.10873454,"bestBidPrice":0.01706,"bestBidSize":164.15500763}