{"product":"LTC-BTC","bestAskPrice":0.01902,"bestAskSize":462.21600414,"bestBidPrice":0.01901,"bestBidSize":858.39388286}