{"product":"LTC-USD","bestAskPrice":372.51,"bestAskSize":255.4616209,"bestBidPrice":372.5,"bestBidSize":227.80190228}