{"product":"LTC-USD","bestAskPrice":324.04,"bestAskSize":2.96151407,"bestBidPrice":324.03,"bestBidSize":120.6850842}