{"product":"LTC-BTC","bestAskPrice":0.01666,"bestAskSize":25.98942616,"bestBidPrice":0.01665,"bestBidSize":263.37497837}