{"product":"LTC-BTC","bestAskPrice":0.01955,"bestAskSize":14.03821688,"bestBidPrice":0.01954,"bestBidSize":12.13964559}