{"product":"LTC-BTC","bestAskPrice":0.01561,"bestAskSize":90.6651446,"bestBidPrice":0.0156,"bestBidSize":2.90231911}