{"product":"LTC-USD","bestAskPrice":334.01,"bestAskSize":73.26416772,"bestBidPrice":334,"bestBidSize":1451.47373545}