{"product":"LTC-USD","bestAskPrice":318.31,"bestAskSize":371.5043169,"bestBidPrice":318.3,"bestBidSize":442.31925789}