{"product":"LTC-BTC","bestAskPrice":0.01918,"bestAskSize":129.30239373,"bestBidPrice":0.01917,"bestBidSize":1958.11759079}