{"product":"LTC-BTC","bestAskPrice":0.01736,"bestAskSize":126.90564762,"bestBidPrice":0.01735,"bestBidSize":202.56876289}