{"product":"LTC-USD","bestAskPrice":361.8,"bestAskSize":368.66068451,"bestBidPrice":361.79,"bestBidSize":261.57890185}