{"product":"LTC-USD","bestAskPrice":325.74,"bestAskSize":315.67090697,"bestBidPrice":325.73,"bestBidSize":242.48318394}