{"pasSell_actBuy":0.000013742000000011023,"actSell_actBuy":-0.0002920329999999832,"pasBuy_actSell":-0.00025814999999999866,"actBuy_actSell":-0.0005640749999999972}