{"pasSell_actBuy":0.0001895090000000009,"actSell_actBuy":0.00013028400000000134,"pasBuy_actSell":-0.0002324769999999983,"actBuy_actSell":-0.0002917269999999951}