{"pasSell_actBuy":0.000058716000000000323,"actSell_actBuy":0.000005341000000002455,"pasBuy_actSell":-0.00008728000000000208,"actBuy_actSell":-0.00014068000000000067}