{"pasSell_actBuy":0.000013181000000000997,"actSell_actBuy":-0.0000414189999999974,"pasBuy_actSell":-0.00005879900000000174,"actBuy_actSell":-0.00011342400000000086}