{"pasSell_actBuy":0.00012653200000000212,"actSell_actBuy":0.00007753200000000168,"pasBuy_actSell":-0.00017144399999999976,"actBuy_actSell":-0.00022046900000000091}