{"pasSell_actBuy":0.00021460400000000365,"actSell_actBuy":0.0001555540000000022,"pasBuy_actSell":-0.0002803589999999974,"actBuy_actSell":-0.00033943399999999957}