{"pasSell_actBuy":0.0001620010000000019,"actSell_actBuy":0.00010407600000000503,"pasBuy_actSell":-0.00019099799999999778,"actBuy_actSell":-0.00024894799999999537}