{"pasSell_actBuy":0.00010349200000000364,"actSell_actBuy":0.000046942000000004674,"pasBuy_actSell":-0.0001385000000000032,"actBuy_actSell":-0.00019507500000000288}