{"pasSell_actBuy":0.00003348300000000429,"actSell_actBuy":-0.000025416999999992862,"pasBuy_actSell":-0.0001094700000000004,"actBuy_actSell":-0.00016839499999999827}