{"pasSell_actBuy":0.00017160800000000365,"actSell_actBuy":0.00012018300000000634,"pasBuy_actSell":-0.0001953910000000031,"actBuy_actSell":-0.0002468410000000011}