{"pasSell_actBuy":0.00017874800000000288,"actSell_actBuy":0.00012014800000000395,"pasBuy_actSell":-0.0002242349999999997,"actBuy_actSell":-0.00028285999999999936}