{"pasSell_actBuy":0.00019064000000000234,"actSell_actBuy":0.00013174000000000519,"pasBuy_actSell":-0.00022335600000000094,"actBuy_actSell":-0.0002822809999999988}