{"pasSell_actBuy":0.000038395000000000096,"actSell_actBuy":-0.000013229999999999492,"pasBuy_actSell":-0.00006460200000000388,"actBuy_actSell":-0.00011625200000000419}