{"pasSell_actBuy":0.000056413000000001684,"actSell_actBuy":0.000004788000000002096,"pasBuy_actSell":-0.0001245420000000018,"actBuy_actSell":-0.0001761920000000021}