{"pasSell_actBuy":0.00008811500000000319,"actSell_actBuy":0.000035665000000000696,"pasBuy_actSell":-0.00017082599999999892,"actBuy_actSell":-0.00022330100000000214}