{"pasSell_actBuy":0.0000615599999999987,"actSell_actBuy":0.000005285000000000706,"pasBuy_actSell":-0.00009543299999999894,"actBuy_actSell":-0.00015173299999999765}