{"pasSell_actBuy":0.0003898590000000063,"actSell_actBuy":0.00033100900000000363,"pasBuy_actSell":-0.00042513399999999715,"actBuy_actSell":-0.0004840090000000005}