{"pasSell_actBuy":0.00020151700000000002,"actSell_actBuy":0.00015229200000000005,"pasBuy_actSell":-0.00023546999999999978,"actBuy_actSell":-0.000284719999999997}