{"pasSell_actBuy":0.0001471970000000017,"actSell_actBuy":0.00008729700000000007,"pasBuy_actSell":-0.00017780199999999774,"actBuy_actSell":-0.00023772700000000008}