{"pasSell_actBuy":0.00009409299999999995,"actSell_actBuy":0.00003656800000000071,"pasBuy_actSell":-0.00012290599999999902,"actBuy_actSell":-0.00018045599999999898}