{"pasSell_actBuy":0.00006601300000000018,"actSell_actBuy":0.000013363000000002345,"pasBuy_actSell":-0.00009198499999999929,"actBuy_actSell":-0.00014465999999999785}