{"pasSell_actBuy":-0.00007956999999999756,"actSell_actBuy":-0.00013831999999999733,"pasBuy_actSell":-0.000028490999999998545,"actBuy_actSell":-0.00008726599999999557}